{"frechet_distance": 4.809379142418095, "frechet_audio_distance": 1.255547808848469, "kullback_leibler_divergence_sigmoid": 0.44787681102752686, "kullback_leibler_divergence_softmax": 0.1811511367559433, "lsd": NaN, "psnr": NaN, "ssim": NaN, "inception_score_mean": 9.890693223771096, "inception_score_std": 0.7197190114957049, "kernel_inception_distance_mean": NaN, "kernel_inception_distance_std": NaN}