{"frechet_distance": 4.396996739807292, "frechet_audio_distance": 1.2804457254238457, "kullback_leibler_divergence_sigmoid": 0.3724709451198578, "kullback_leibler_divergence_softmax": 0.14166516065597534, "lsd": NaN, "psnr": NaN, "ssim": NaN, "inception_score_mean": 9.41052869971498, "inception_score_std": 0.768941035885492, "kernel_inception_distance_mean": NaN, "kernel_inception_distance_std": NaN}